id,seq,name,gender,ethnicity_group,descent,age,body_type,croquis,build,face_shape,eyes,lips,mark,makeup,vibe,skin,hair,img
"f001","001","Seoae","female","East Asian","Korean","22","ideal","ideal_p_h.png","a slim-thick curvy build — a slim frame with a full bust and a delicate slim neck","a slim v-line face","large upturned cat-like almond eyes","plump glossy lips","","natural soft glam makeup","L3","fair-to-warm ivory glass skin","long sleek straight dark hair, center part","/img/models/f001.jpg"
"f002","002","Liwayway","female","Southeast Asian","Filipino","23","ideal","ideal_p_i.png","a slim-thick curvy build — a slim frame with a full bust and a delicate slim neck","a soft oval face","large warm almond eyes","soft full lips","","natural soft glam makeup","L3","warm golden-tan skin","dark hair in a low bun","/img/models/f002.jpg"
"f003","003","Tharushi","female","South Asian","Sri Lankan","24","ideal","ideal_r4.png","a slim-thick curvy build — a slim frame with a full bust and a delicate slim neck","a delicate small face","large round doll-like eyes with gentle aegyo","soft petal lips"," with a tiny beauty mark under one eye","natural soft glam makeup","L3","warm deep-brown skin with rich golden undertones","long dark hair in a low bun","/img/models/f003.jpg"
"f004","004","Zawadi","female","Black / African","Kenyan","25","ideal","ideal_t3.png","a slim-thick curvy build — a slim frame with a full bust and a delicate slim neck","a heart-shaped face with sculpted cheekbones","elegant almond eyes","full rosy lips"," with light natural freckles across the nose","defined glam makeup (soft smoky eyes, glossy lip)","L4","rich deep-brown skin with warm mahogany undertones","voluminous natural dark curls","/img/models/f004.jpg"
"f005","005","Lena","female","White / European","German","26","ideal","ideal_p_h.png","a slim-thick curvy build — a slim frame with a full bust and a delicate slim neck","an elegant slim face","large expressive doe eyes","plump glossy lips","","defined glam makeup (soft smoky eyes, glossy lip)","L4","fair warm skin with subtle undertones","long straight honey-blonde hair","/img/models/f005.jpg"
"f006","006","Isabela","female","Hispanic / Latino","Brazilian","22","slender","slender_sf5.png","an extremely slender thin build — narrow shoulders and a thin delicate neck","a slim v-line face","striking large almond eyes","soft full lips","","natural soft glam makeup","L3","warm tan olive skin with golden undertones","long dark hair, center part","/img/models/f006.jpg"
"f007","007","Dina","female","Middle Eastern / North African","Iranian","23","slender","slender_sf6.png","an extremely slender thin build — narrow shoulders and a thin delicate neck","a soft oval face","large upturned cat-like almond eyes","soft petal lips","","natural soft glam makeup","L3","warm light-olive skin with soft golden undertones","long dark glossy wavy hair","/img/models/f007.jpg"
"f008","008","Lea","female","Mixed / Multiracial","Afro-Asian","24","slender","slender_sf5.png","an extremely slender thin build — narrow shoulders and a thin delicate neck","a delicate small face","large warm almond eyes","full rosy lips"," with a tiny beauty mark under one eye","natural soft glam makeup","L3","warm caramel skin with golden-honey undertones","long straight dark hair","/img/models/f008.jpg"
"f009","009","Seoae","female","East Asian","Taiwanese","25","western","western_wx3.png","a voluptuous full curvy build — a fuller frame and full décolletage","a heart-shaped face with sculpted cheekbones","large round doll-like eyes with gentle aegyo","plump glossy lips"," with light natural freckles across the nose","defined glam makeup (soft smoky eyes, glossy lip)","L4","fair-to-warm ivory glass skin","a sleek shoulder-length dark bob","/img/models/f009.jpg"
"f010","010","Liwayway","female","Southeast Asian","Malaysian","26","western","western_wx5.png","a voluptuous full curvy build — a fuller frame and full décolletage","an elegant slim face","elegant almond eyes","soft full lips","","defined glam makeup (soft smoky eyes, glossy lip)","L4","warm golden-tan skin","long dark softly-waved hair","/img/models/f010.jpg"
"f011","011","Tharushi","female","South Asian","Indian","22","ideal","ideal_p_i.png","a slim-thick curvy build — a slim frame with a full bust and a delicate slim neck","a slim v-line face","large expressive doe eyes","soft petal lips","","natural soft glam makeup","L3","warm deep-brown skin with rich golden undertones","long dark straight hair","/img/models/f011.jpg"
"f012","012","Zawadi","female","Black / African","Ethiopian","23","ideal","ideal_r4.png","a slim-thick curvy build — a slim frame with a full bust and a delicate slim neck","a soft oval face","striking large almond eyes","full rosy lips","","natural soft glam makeup","L3","rich deep-brown skin with warm mahogany undertones","long braided dark hair","/img/models/f012.jpg"
"f013","013","Lena","female","White / European","Slavic","24","ideal","ideal_t3.png","a slim-thick curvy build — a slim frame with a full bust and a delicate slim neck","a delicate small face","large upturned cat-like almond eyes","plump glossy lips"," with a tiny beauty mark under one eye","natural soft glam makeup","L3","fair warm skin with subtle undertones","long loose wavy dark-brown hair","/img/models/f013.jpg"
"f014","014","Isabela","female","Hispanic / Latino","Argentine","25","ideal","ideal_p_h.png","a slim-thick curvy build — a slim frame with a full bust and a delicate slim neck","a heart-shaped face with sculpted cheekbones","large warm almond eyes","soft full lips"," with light natural freckles across the nose","defined glam makeup (soft smoky eyes, glossy lip)","L4","warm tan olive skin with golden undertones","long dark hair with soft highlights","/img/models/f014.jpg"
"f015","015","Dina","female","Middle Eastern / North African","Egyptian","26","ideal","ideal_p_i.png","a slim-thick curvy build — a slim frame with a full bust and a delicate slim neck","an elegant slim face","large round doll-like eyes with gentle aegyo","soft petal lips","","defined glam makeup (soft smoky eyes, glossy lip)","L4","warm light-olive skin with soft golden undertones","long dark hair, center part","/img/models/f015.jpg"
"f016","016","Lea","female","Mixed / Multiracial","Eurasian (European-East Asian)","22","slender","slender_sf6.png","an extremely slender thin build — narrow shoulders and a thin delicate neck","a slim v-line face","elegant almond eyes","full rosy lips","","natural soft glam makeup","L3","warm caramel skin with golden-honey undertones","long soft-wavy dark-brown hair with warm highlights","/img/models/f016.jpg"
"f017","017","Seoae","female","East Asian","Japanese","23","slender","slender_sf5.png","an extremely slender thin build — narrow shoulders and a thin delicate neck","a soft oval face","large expressive doe eyes","plump glossy lips","","natural soft glam makeup","L3","fair-to-warm ivory glass skin","dark hair in a soft low bun with baby hairs","/img/models/f017.jpg"
"f018","018","Liwayway","female","Southeast Asian","Vietnamese","24","slender","slender_sf6.png","an extremely slender thin build — narrow shoulders and a thin delicate neck","a delicate small face","striking large almond eyes","soft full lips"," with a tiny beauty mark under one eye","natural soft glam makeup","L3","warm golden-tan skin","long dark hair with face-framing pieces","/img/models/f018.jpg"
"f019","019","Tharushi","female","South Asian","Bangladeshi","25","western","western_wx3.png","a voluptuous full curvy build — a fuller frame and full décolletage","a heart-shaped face with sculpted cheekbones","large upturned cat-like almond eyes","soft petal lips"," with light natural freckles across the nose","defined glam makeup (soft smoky eyes, glossy lip)","L4","warm deep-brown skin with rich golden undertones","long dark glossy wavy hair, center part","/img/models/f019.jpg"
"f020","020","Zawadi","female","Black / African","African-American","26","western","western_wx5.png","a voluptuous full curvy build — a fuller frame and full décolletage","an elegant slim face","large warm almond eyes","full rosy lips","","defined glam makeup (soft smoky eyes, glossy lip)","L4","rich deep-brown skin with warm mahogany undertones","long sleek dark hair, center part","/img/models/f020.jpg"
"f021","021","Lena","female","White / European","Italian","22","ideal","ideal_r4.png","a slim-thick curvy build — a slim frame with a full bust and a delicate slim neck","a slim v-line face","large round doll-like eyes with gentle aegyo","plump glossy lips","","natural soft glam makeup","L3","fair warm skin with subtle undertones","long wavy chestnut hair","/img/models/f021.jpg"
"f022","022","Isabela","female","Hispanic / Latino","Mexican","23","ideal","ideal_t3.png","a slim-thick curvy build — a slim frame with a full bust and a delicate slim neck","a soft oval face","elegant almond eyes","soft full lips","","natural soft glam makeup","L3","warm tan olive skin with golden undertones","long dark wavy hair","/img/models/f022.jpg"
"f023","023","Dina","female","Middle Eastern / North African","Turkish","24","ideal","ideal_p_h.png","a slim-thick curvy build — a slim frame with a full bust and a delicate slim neck","a delicate small face","large expressive doe eyes","soft petal lips"," with a tiny beauty mark under one eye","natural soft glam makeup","L3","warm light-olive skin with soft golden undertones","long dark straight hair","/img/models/f023.jpg"
"f024","024","Lea","female","Mixed / Multiracial","Latino-Asian","25","ideal","ideal_p_i.png","a slim-thick curvy build — a slim frame with a full bust and a delicate slim neck","a heart-shaped face with sculpted cheekbones","striking large almond eyes","full rosy lips"," with light natural freckles across the nose","defined glam makeup (soft smoky eyes, glossy lip)","L4","warm caramel skin with golden-honey undertones","long wavy dark hair","/img/models/f024.jpg"
"f025","025","Seoae","female","East Asian","Mongolian","26","ideal","ideal_r4.png","a slim-thick curvy build — a slim frame with a full bust and a delicate slim neck","an elegant slim face","large upturned cat-like almond eyes","plump glossy lips","","defined glam makeup (soft smoky eyes, glossy lip)","L4","fair-to-warm ivory glass skin","long sleek straight dark hair, center part","/img/models/f025.jpg"
"f026","026","Liwayway","female","Southeast Asian","Thai","22","slender","slender_sf5.png","an extremely slender thin build — narrow shoulders and a thin delicate neck","a slim v-line face","large warm almond eyes","soft full lips","","natural soft glam makeup","L3","warm golden-tan skin","dark hair in a low bun","/img/models/f026.jpg"
"f027","027","Tharushi","female","South Asian","Pakistani","23","slender","slender_sf6.png","an extremely slender thin build — narrow shoulders and a thin delicate neck","a soft oval face","large round doll-like eyes with gentle aegyo","soft petal lips","","natural soft glam makeup","L3","warm deep-brown skin with rich golden undertones","long dark hair in a low bun","/img/models/f027.jpg"
"f028","028","Zawadi","female","Black / African","Ghanaian","24","slender","slender_sf5.png","an extremely slender thin build — narrow shoulders and a thin delicate neck","a delicate small face","elegant almond eyes","full rosy lips"," with a tiny beauty mark under one eye","natural soft glam makeup","L3","rich deep-brown skin with warm mahogany undertones","voluminous natural dark curls","/img/models/f028.jpg"
"f029","029","Lena","female","White / European","British","25","western","western_wx3.png","a voluptuous full curvy build — a fuller frame and full décolletage","a heart-shaped face with sculpted cheekbones","large expressive doe eyes","plump glossy lips"," with light natural freckles across the nose","defined glam makeup (soft smoky eyes, glossy lip)","L4","fair warm skin with subtle undertones","long straight honey-blonde hair","/img/models/f029.jpg"
"f030","030","Isabela","female","Hispanic / Latino","Puerto Rican","26","western","western_wx5.png","a voluptuous full curvy build — a fuller frame and full décolletage","an elegant slim face","striking large almond eyes","soft full lips","","defined glam makeup (soft smoky eyes, glossy lip)","L4","warm tan olive skin with golden undertones","long dark hair, center part","/img/models/f030.jpg"
"f031","031","Dina","female","Middle Eastern / North African","Lebanese","22","ideal","ideal_t3.png","a slim-thick curvy build — a slim frame with a full bust and a delicate slim neck","a slim v-line face","large upturned cat-like almond eyes","soft petal lips","","natural soft glam makeup","L3","warm light-olive skin with soft golden undertones","long dark glossy wavy hair","/img/models/f031.jpg"
"f032","032","Lea","female","Mixed / Multiracial","Afro-European","23","ideal","ideal_p_h.png","a slim-thick curvy build — a slim frame with a full bust and a delicate slim neck","a soft oval face","large warm almond eyes","full rosy lips","","natural soft glam makeup","L3","warm caramel skin with golden-honey undertones","long straight dark hair","/img/models/f032.jpg"
"f033","033","Seoae","female","East Asian","Chinese","24","ideal","ideal_p_i.png","a slim-thick curvy build — a slim frame with a full bust and a delicate slim neck","a delicate small face","large round doll-like eyes with gentle aegyo","plump glossy lips"," with a tiny beauty mark under one eye","natural soft glam makeup","L3","fair-to-warm ivory glass skin","a sleek shoulder-length dark bob","/img/models/f033.jpg"
"f034","034","Liwayway","female","Southeast Asian","Indonesian","25","ideal","ideal_r4.png","a slim-thick curvy build — a slim frame with a full bust and a delicate slim neck","a heart-shaped face with sculpted cheekbones","elegant almond eyes","soft full lips"," with light natural freckles across the nose","defined glam makeup (soft smoky eyes, glossy lip)","L4","warm golden-tan skin","long dark softly-waved hair","/img/models/f034.jpg"
"f035","035","Tharushi","female","South Asian","Nepali","26","ideal","ideal_t3.png","a slim-thick curvy build — a slim frame with a full bust and a delicate slim neck","an elegant slim face","large expressive doe eyes","soft petal lips","","defined glam makeup (soft smoky eyes, glossy lip)","L4","warm deep-brown skin with rich golden undertones","long dark straight hair","/img/models/f035.jpg"
"f036","036","Zawadi","female","Black / African","Nigerian","22","slender","slender_sf6.png","an extremely slender thin build — narrow shoulders and a thin delicate neck","a slim v-line face","striking large almond eyes","full rosy lips","","natural soft glam makeup","L3","rich deep-brown skin with warm mahogany undertones","long braided dark hair","/img/models/f036.jpg"
"f037","037","Lena","female","White / European","Scandinavian","23","slender","slender_sf5.png","an extremely slender thin build — narrow shoulders and a thin delicate neck","a soft oval face","large upturned cat-like almond eyes","plump glossy lips","","natural soft glam makeup","L3","fair warm skin with subtle undertones","long loose wavy dark-brown hair","/img/models/f037.jpg"
"f038","038","Isabela","female","Hispanic / Latino","Colombian","24","slender","slender_sf6.png","an extremely slender thin build — narrow shoulders and a thin delicate neck","a delicate small face","large warm almond eyes","soft full lips"," with a tiny beauty mark under one eye","natural soft glam makeup","L3","warm tan olive skin with golden undertones","long dark hair with soft highlights","/img/models/f038.jpg"
"f039","039","Dina","female","Middle Eastern / North African","Moroccan","25","western","western_wx3.png","a voluptuous full curvy build — a fuller frame and full décolletage","a heart-shaped face with sculpted cheekbones","large round doll-like eyes with gentle aegyo","soft petal lips"," with light natural freckles across the nose","defined glam makeup (soft smoky eyes, glossy lip)","L4","warm light-olive skin with soft golden undertones","long dark hair, center part","/img/models/f039.jpg"
"f040","040","Lea","female","Mixed / Multiracial","MENA-European","26","western","western_wx5.png","a voluptuous full curvy build — a fuller frame and full décolletage","an elegant slim face","elegant almond eyes","full rosy lips","","defined glam makeup (soft smoky eyes, glossy lip)","L4","warm caramel skin with golden-honey undertones","long soft-wavy dark-brown hair with warm highlights","/img/models/f040.jpg"
"f041","041","Seoae","female","East Asian","Korean","22","ideal","ideal_p_h.png","a slim-thick curvy build — a slim frame with a full bust and a delicate slim neck","a slim v-line face","large expressive doe eyes","plump glossy lips","","natural soft glam makeup","L3","fair-to-warm ivory glass skin","dark hair in a soft low bun with baby hairs","/img/models/f041.jpg"
"f042","042","Liwayway","female","Southeast Asian","Filipino","23","ideal","ideal_p_i.png","a slim-thick curvy build — a slim frame with a full bust and a delicate slim neck","a soft oval face","striking large almond eyes","soft full lips","","natural soft glam makeup","L3","warm golden-tan skin","long dark hair with face-framing pieces","/img/models/f042.jpg"
"f043","043","Tharushi","female","South Asian","Sri Lankan","24","ideal","ideal_r4.png","a slim-thick curvy build — a slim frame with a full bust and a delicate slim neck","a delicate small face","large upturned cat-like almond eyes","soft petal lips"," with a tiny beauty mark under one eye","natural soft glam makeup","L3","warm deep-brown skin with rich golden undertones","long dark glossy wavy hair, center part","/img/models/f043.jpg"
"f044","044","Zawadi","female","Black / African","Kenyan","25","ideal","ideal_t3.png","a slim-thick curvy build — a slim frame with a full bust and a delicate slim neck","a heart-shaped face with sculpted cheekbones","large warm almond eyes","full rosy lips"," with light natural freckles across the nose","defined glam makeup (soft smoky eyes, glossy lip)","L4","rich deep-brown skin with warm mahogany undertones","long sleek dark hair, center part","/img/models/f044.jpg"
"f045","045","Lena","female","White / European","German","26","ideal","ideal_p_h.png","a slim-thick curvy build — a slim frame with a full bust and a delicate slim neck","an elegant slim face","large round doll-like eyes with gentle aegyo","plump glossy lips","","defined glam makeup (soft smoky eyes, glossy lip)","L4","fair warm skin with subtle undertones","long wavy chestnut hair","/img/models/f045.jpg"
"f046","046","Isabela","female","Hispanic / Latino","Brazilian","22","slender","slender_sf5.png","an extremely slender thin build — narrow shoulders and a thin delicate neck","a slim v-line face","elegant almond eyes","soft full lips","","natural soft glam makeup","L3","warm tan olive skin with golden undertones","long dark wavy hair","/img/models/f046.jpg"
"f047","047","Dina","female","Middle Eastern / North African","Iranian","23","slender","slender_sf6.png","an extremely slender thin build — narrow shoulders and a thin delicate neck","a soft oval face","large expressive doe eyes","soft petal lips","","natural soft glam makeup","L3","warm light-olive skin with soft golden undertones","long dark straight hair","/img/models/f047.jpg"
"f048","048","Lea","female","Mixed / Multiracial","Afro-Asian","24","slender","slender_sf5.png","an extremely slender thin build — narrow shoulders and a thin delicate neck","a delicate small face","striking large almond eyes","full rosy lips"," with a tiny beauty mark under one eye","natural soft glam makeup","L3","warm caramel skin with golden-honey undertones","long wavy dark hair","/img/models/f048.jpg"
"f049","049","Seoae","female","East Asian","Taiwanese","25","western","western_wx3.png","a voluptuous full curvy build — a fuller frame and full décolletage","a heart-shaped face with sculpted cheekbones","large upturned cat-like almond eyes","plump glossy lips"," with light natural freckles across the nose","defined glam makeup (soft smoky eyes, glossy lip)","L4","fair-to-warm ivory glass skin","long sleek straight dark hair, center part","/img/models/f049.jpg"
"f050","050","Liwayway","female","Southeast Asian","Malaysian","26","western","western_wx5.png","a voluptuous full curvy build — a fuller frame and full décolletage","an elegant slim face","large warm almond eyes","soft full lips","","defined glam makeup (soft smoky eyes, glossy lip)","L4","warm golden-tan skin","dark hair in a low bun","/img/models/f050.jpg"
"f051","051","Tharushi","female","South Asian","Indian","22","ideal","ideal_p_i.png","a slim-thick curvy build — a slim frame with a full bust and a delicate slim neck","a slim v-line face","large round doll-like eyes with gentle aegyo","soft petal lips","","natural soft glam makeup","L3","warm deep-brown skin with rich golden undertones","long dark hair in a low bun","/img/models/f051.jpg"
"f052","052","Zawadi","female","Black / African","Ethiopian","23","ideal","ideal_r4.png","a slim-thick curvy build — a slim frame with a full bust and a delicate slim neck","a soft oval face","elegant almond eyes","full rosy lips","","natural soft glam makeup","L3","rich deep-brown skin with warm mahogany undertones","voluminous natural dark curls","/img/models/f052.jpg"
"f053","053","Lena","female","White / European","Slavic","24","ideal","ideal_t3.png","a slim-thick curvy build — a slim frame with a full bust and a delicate slim neck","a delicate small face","large expressive doe eyes","plump glossy lips"," with a tiny beauty mark under one eye","natural soft glam makeup","L3","fair warm skin with subtle undertones","long straight honey-blonde hair","/img/models/f053.jpg"
"f054","054","Isabela","female","Hispanic / Latino","Argentine","25","ideal","ideal_p_h.png","a slim-thick curvy build — a slim frame with a full bust and a delicate slim neck","a heart-shaped face with sculpted cheekbones","striking large almond eyes","soft full lips"," with light natural freckles across the nose","defined glam makeup (soft smoky eyes, glossy lip)","L4","warm tan olive skin with golden undertones","long dark hair, center part","/img/models/f054.jpg"
"f055","055","Dina","female","Middle Eastern / North African","Egyptian","26","ideal","ideal_p_i.png","a slim-thick curvy build — a slim frame with a full bust and a delicate slim neck","an elegant slim face","large upturned cat-like almond eyes","soft petal lips","","defined glam makeup (soft smoky eyes, glossy lip)","L4","warm light-olive skin with soft golden undertones","long dark glossy wavy hair","/img/models/f055.jpg"
"f056","056","Lea","female","Mixed / Multiracial","Eurasian (European-East Asian)","22","slender","slender_sf6.png","an extremely slender thin build — narrow shoulders and a thin delicate neck","a slim v-line face","large warm almond eyes","full rosy lips","","natural soft glam makeup","L3","warm caramel skin with golden-honey undertones","long straight dark hair","/img/models/f056.jpg"
"f057","057","Seoae","female","East Asian","Japanese","23","slender","slender_sf5.png","an extremely slender thin build — narrow shoulders and a thin delicate neck","a soft oval face","large round doll-like eyes with gentle aegyo","plump glossy lips","","natural soft glam makeup","L3","fair-to-warm ivory glass skin","a sleek shoulder-length dark bob","/img/models/f057.jpg"
"f058","058","Liwayway","female","Southeast Asian","Vietnamese","24","slender","slender_sf6.png","an extremely slender thin build — narrow shoulders and a thin delicate neck","a delicate small face","elegant almond eyes","soft full lips"," with a tiny beauty mark under one eye","natural soft glam makeup","L3","warm golden-tan skin","long dark softly-waved hair","/img/models/f058.jpg"
"f059","059","Tharushi","female","South Asian","Bangladeshi","25","western","western_wx3.png","a voluptuous full curvy build — a fuller frame and full décolletage","a heart-shaped face with sculpted cheekbones","large expressive doe eyes","soft petal lips"," with light natural freckles across the nose","defined glam makeup (soft smoky eyes, glossy lip)","L4","warm deep-brown skin with rich golden undertones","long dark straight hair","/img/models/f059.jpg"
"f060","060","Zawadi","female","Black / African","African-American","26","western","western_wx5.png","a voluptuous full curvy build — a fuller frame and full décolletage","an elegant slim face","striking large almond eyes","full rosy lips","","defined glam makeup (soft smoky eyes, glossy lip)","L4","rich deep-brown skin with warm mahogany undertones","long braided dark hair","/img/models/f060.jpg"
"f061","061","Lena","female","White / European","Italian","22","ideal","ideal_r4.png","a slim-thick curvy build — a slim frame with a full bust and a delicate slim neck","a slim v-line face","large upturned cat-like almond eyes","plump glossy lips","","natural soft glam makeup","L3","fair warm skin with subtle undertones","long loose wavy dark-brown hair","/img/models/f061.jpg"
"f062","062","Isabela","female","Hispanic / Latino","Mexican","23","ideal","ideal_t3.png","a slim-thick curvy build — a slim frame with a full bust and a delicate slim neck","a soft oval face","large warm almond eyes","soft full lips","","natural soft glam makeup","L3","warm tan olive skin with golden undertones","long dark hair with soft highlights","/img/models/f062.jpg"
"f063","063","Dina","female","Middle Eastern / North African","Turkish","24","ideal","ideal_p_h.png","a slim-thick curvy build — a slim frame with a full bust and a delicate slim neck","a delicate small face","large round doll-like eyes with gentle aegyo","soft petal lips"," with a tiny beauty mark under one eye","natural soft glam makeup","L3","warm light-olive skin with soft golden undertones","long dark hair, center part","/img/models/f063.jpg"
"f064","064","Lea","female","Mixed / Multiracial","Latino-Asian","25","ideal","ideal_p_i.png","a slim-thick curvy build — a slim frame with a full bust and a delicate slim neck","a heart-shaped face with sculpted cheekbones","elegant almond eyes","full rosy lips"," with light natural freckles across the nose","defined glam makeup (soft smoky eyes, glossy lip)","L4","warm caramel skin with golden-honey undertones","long soft-wavy dark-brown hair with warm highlights","/img/models/f064.jpg"
"f065","065","Seoae","female","East Asian","Mongolian","26","ideal","ideal_r4.png","a slim-thick curvy build — a slim frame with a full bust and a delicate slim neck","an elegant slim face","large expressive doe eyes","plump glossy lips","","defined glam makeup (soft smoky eyes, glossy lip)","L4","fair-to-warm ivory glass skin","dark hair in a soft low bun with baby hairs","/img/models/f065.jpg"
"f066","066","Liwayway","female","Southeast Asian","Thai","22","slender","slender_sf5.png","an extremely slender thin build — narrow shoulders and a thin delicate neck","a slim v-line face","striking large almond eyes","soft full lips","","natural soft glam makeup","L3","warm golden-tan skin","long dark hair with face-framing pieces","/img/models/f066.jpg"
"f067","067","Tharushi","female","South Asian","Pakistani","23","slender","slender_sf6.png","an extremely slender thin build — narrow shoulders and a thin delicate neck","a soft oval face","large upturned cat-like almond eyes","soft petal lips","","natural soft glam makeup","L3","warm deep-brown skin with rich golden undertones","long dark glossy wavy hair, center part","/img/models/f067.jpg"
"f068","068","Zawadi","female","Black / African","Ghanaian","24","slender","slender_sf5.png","an extremely slender thin build — narrow shoulders and a thin delicate neck","a delicate small face","large warm almond eyes","full rosy lips"," with a tiny beauty mark under one eye","natural soft glam makeup","L3","rich deep-brown skin with warm mahogany undertones","long sleek dark hair, center part","/img/models/f068.jpg"
"f069","069","Lena","female","White / European","British","25","western","western_wx3.png","a voluptuous full curvy build — a fuller frame and full décolletage","a heart-shaped face with sculpted cheekbones","large round doll-like eyes with gentle aegyo","plump glossy lips"," with light natural freckles across the nose","defined glam makeup (soft smoky eyes, glossy lip)","L4","fair warm skin with subtle undertones","long wavy chestnut hair","/img/models/f069.jpg"
"f070","070","Isabela","female","Hispanic / Latino","Puerto Rican","26","western","western_wx5.png","a voluptuous full curvy build — a fuller frame and full décolletage","an elegant slim face","elegant almond eyes","soft full lips","","defined glam makeup (soft smoky eyes, glossy lip)","L4","warm tan olive skin with golden undertones","long dark wavy hair","/img/models/f070.jpg"
"f071","071","Dina","female","Middle Eastern / North African","Lebanese","22","ideal","ideal_t3.png","a slim-thick curvy build — a slim frame with a full bust and a delicate slim neck","a slim v-line face","large expressive doe eyes","soft petal lips","","natural soft glam makeup","L3","warm light-olive skin with soft golden undertones","long dark straight hair","/img/models/f071.jpg"
"f072","072","Lea","female","Mixed / Multiracial","Afro-European","23","ideal","ideal_p_h.png","a slim-thick curvy build — a slim frame with a full bust and a delicate slim neck","a soft oval face","striking large almond eyes","full rosy lips","","natural soft glam makeup","L3","warm caramel skin with golden-honey undertones","long wavy dark hair","/img/models/f072.jpg"
"f073","073","Seoae","female","East Asian","Chinese","24","ideal","ideal_p_i.png","a slim-thick curvy build — a slim frame with a full bust and a delicate slim neck","a delicate small face","large upturned cat-like almond eyes","plump glossy lips"," with a tiny beauty mark under one eye","natural soft glam makeup","L3","fair-to-warm ivory glass skin","long sleek straight dark hair, center part","/img/models/f073.jpg"
"f074","074","Liwayway","female","Southeast Asian","Indonesian","25","ideal","ideal_r4.png","a slim-thick curvy build — a slim frame with a full bust and a delicate slim neck","a heart-shaped face with sculpted cheekbones","large warm almond eyes","soft full lips"," with light natural freckles across the nose","defined glam makeup (soft smoky eyes, glossy lip)","L4","warm golden-tan skin","dark hair in a low bun","/img/models/f074.jpg"
"f075","075","Tharushi","female","South Asian","Nepali","26","ideal","ideal_t3.png","a slim-thick curvy build — a slim frame with a full bust and a delicate slim neck","an elegant slim face","large round doll-like eyes with gentle aegyo","soft petal lips","","defined glam makeup (soft smoky eyes, glossy lip)","L4","warm deep-brown skin with rich golden undertones","long dark hair in a low bun","/img/models/f075.jpg"
"f076","076","Zawadi","female","Black / African","Nigerian","22","slender","slender_sf6.png","an extremely slender thin build — narrow shoulders and a thin delicate neck","a slim v-line face","elegant almond eyes","full rosy lips","","natural soft glam makeup","L3","rich deep-brown skin with warm mahogany undertones","voluminous natural dark curls","/img/models/f076.jpg"
"f077","077","Lena","female","White / European","Scandinavian","23","slender","slender_sf5.png","an extremely slender thin build — narrow shoulders and a thin delicate neck","a soft oval face","large expressive doe eyes","plump glossy lips","","natural soft glam makeup","L3","fair warm skin with subtle undertones","long straight honey-blonde hair","/img/models/f077.jpg"
"f078","078","Isabela","female","Hispanic / Latino","Colombian","24","slender","slender_sf6.png","an extremely slender thin build — narrow shoulders and a thin delicate neck","a delicate small face","striking large almond eyes","soft full lips"," with a tiny beauty mark under one eye","natural soft glam makeup","L3","warm tan olive skin with golden undertones","long dark hair, center part","/img/models/f078.jpg"
"f079","079","Dina","female","Middle Eastern / North African","Moroccan","25","western","western_wx3.png","a voluptuous full curvy build — a fuller frame and full décolletage","a heart-shaped face with sculpted cheekbones","large upturned cat-like almond eyes","soft petal lips"," with light natural freckles across the nose","defined glam makeup (soft smoky eyes, glossy lip)","L4","warm light-olive skin with soft golden undertones","long dark glossy wavy hair","/img/models/f079.jpg"
"f080","080","Lea","female","Mixed / Multiracial","MENA-European","26","western","western_wx5.png","a voluptuous full curvy build — a fuller frame and full décolletage","an elegant slim face","large warm almond eyes","full rosy lips","","defined glam makeup (soft smoky eyes, glossy lip)","L4","warm caramel skin with golden-honey undertones","long straight dark hair","/img/models/f080.jpg"
"f081","081","Seoae","female","East Asian","Korean","22","ideal","ideal_p_h.png","a slim-thick curvy build — a slim frame with a full bust and a delicate slim neck","a slim v-line face","large round doll-like eyes with gentle aegyo","plump glossy lips","","natural soft glam makeup","L3","fair-to-warm ivory glass skin","a sleek shoulder-length dark bob","/img/models/f081.jpg"
"f082","082","Liwayway","female","Southeast Asian","Filipino","23","ideal","ideal_p_i.png","a slim-thick curvy build — a slim frame with a full bust and a delicate slim neck","a soft oval face","elegant almond eyes","soft full lips","","natural soft glam makeup","L3","warm golden-tan skin","long dark softly-waved hair","/img/models/f082.jpg"
"f083","083","Tharushi","female","South Asian","Sri Lankan","24","ideal","ideal_r4.png","a slim-thick curvy build — a slim frame with a full bust and a delicate slim neck","a delicate small face","large expressive doe eyes","soft petal lips"," with a tiny beauty mark under one eye","natural soft glam makeup","L3","warm deep-brown skin with rich golden undertones","long dark straight hair","/img/models/f083.jpg"
"f084","084","Zawadi","female","Black / African","Kenyan","25","ideal","ideal_t3.png","a slim-thick curvy build — a slim frame with a full bust and a delicate slim neck","a heart-shaped face with sculpted cheekbones","striking large almond eyes","full rosy lips"," with light natural freckles across the nose","defined glam makeup (soft smoky eyes, glossy lip)","L4","rich deep-brown skin with warm mahogany undertones","long braided dark hair","/img/models/f084.jpg"
"f085","085","Lena","female","White / European","German","26","ideal","ideal_p_h.png","a slim-thick curvy build — a slim frame with a full bust and a delicate slim neck","an elegant slim face","large upturned cat-like almond eyes","plump glossy lips","","defined glam makeup (soft smoky eyes, glossy lip)","L4","fair warm skin with subtle undertones","long loose wavy dark-brown hair","/img/models/f085.jpg"
"f086","086","Isabela","female","Hispanic / Latino","Brazilian","22","slender","slender_sf5.png","an extremely slender thin build — narrow shoulders and a thin delicate neck","a slim v-line face","large warm almond eyes","soft full lips","","natural soft glam makeup","L3","warm tan olive skin with golden undertones","long dark hair with soft highlights","/img/models/f086.jpg"
"f087","087","Dina","female","Middle Eastern / North African","Iranian","23","slender","slender_sf6.png","an extremely slender thin build — narrow shoulders and a thin delicate neck","a soft oval face","large round doll-like eyes with gentle aegyo","soft petal lips","","natural soft glam makeup","L3","warm light-olive skin with soft golden undertones","long dark hair, center part","/img/models/f087.jpg"
"f088","088","Lea","female","Mixed / Multiracial","Afro-Asian","24","slender","slender_sf5.png","an extremely slender thin build — narrow shoulders and a thin delicate neck","a delicate small face","elegant almond eyes","full rosy lips"," with a tiny beauty mark under one eye","natural soft glam makeup","L3","warm caramel skin with golden-honey undertones","long soft-wavy dark-brown hair with warm highlights","/img/models/f088.jpg"
"f089","089","Seoae","female","East Asian","Taiwanese","25","western","western_wx3.png","a voluptuous full curvy build — a fuller frame and full décolletage","a heart-shaped face with sculpted cheekbones","large expressive doe eyes","plump glossy lips"," with light natural freckles across the nose","defined glam makeup (soft smoky eyes, glossy lip)","L4","fair-to-warm ivory glass skin","dark hair in a soft low bun with baby hairs","/img/models/f089.jpg"
"f090","090","Liwayway","female","Southeast Asian","Malaysian","26","western","western_wx5.png","a voluptuous full curvy build — a fuller frame and full décolletage","an elegant slim face","striking large almond eyes","soft full lips","","defined glam makeup (soft smoky eyes, glossy lip)","L4","warm golden-tan skin","long dark hair with face-framing pieces","/img/models/f090.jpg"
"f091","091","Tharushi","female","South Asian","Indian","22","ideal","ideal_p_i.png","a slim-thick curvy build — a slim frame with a full bust and a delicate slim neck","a slim v-line face","large upturned cat-like almond eyes","soft petal lips","","natural soft glam makeup","L3","warm deep-brown skin with rich golden undertones","long dark glossy wavy hair, center part","/img/models/f091.jpg"
"f092","092","Zawadi","female","Black / African","Ethiopian","23","ideal","ideal_r4.png","a slim-thick curvy build — a slim frame with a full bust and a delicate slim neck","a soft oval face","large warm almond eyes","full rosy lips","","natural soft glam makeup","L3","rich deep-brown skin with warm mahogany undertones","long sleek dark hair, center part","/img/models/f092.jpg"
"f093","093","Lena","female","White / European","Slavic","24","ideal","ideal_t3.png","a slim-thick curvy build — a slim frame with a full bust and a delicate slim neck","a delicate small face","large round doll-like eyes with gentle aegyo","plump glossy lips"," with a tiny beauty mark under one eye","natural soft glam makeup","L3","fair warm skin with subtle undertones","long wavy chestnut hair","/img/models/f093.jpg"
"f094","094","Isabela","female","Hispanic / Latino","Argentine","25","ideal","ideal_p_h.png","a slim-thick curvy build — a slim frame with a full bust and a delicate slim neck","a heart-shaped face with sculpted cheekbones","elegant almond eyes","soft full lips"," with light natural freckles across the nose","defined glam makeup (soft smoky eyes, glossy lip)","L4","warm tan olive skin with golden undertones","long dark wavy hair","/img/models/f094.jpg"
"f095","095","Dina","female","Middle Eastern / North African","Egyptian","26","ideal","ideal_p_i.png","a slim-thick curvy build — a slim frame with a full bust and a delicate slim neck","an elegant slim face","large expressive doe eyes","soft petal lips","","defined glam makeup (soft smoky eyes, glossy lip)","L4","warm light-olive skin with soft golden undertones","long dark straight hair","/img/models/f095.jpg"
"f096","096","Lea","female","Mixed / Multiracial","Eurasian (European-East Asian)","22","slender","slender_sf6.png","an extremely slender thin build — narrow shoulders and a thin delicate neck","a slim v-line face","striking large almond eyes","full rosy lips","","natural soft glam makeup","L3","warm caramel skin with golden-honey undertones","long wavy dark hair","/img/models/f096.jpg"
"f097","097","Seoae","female","East Asian","Japanese","23","slender","slender_sf5.png","an extremely slender thin build — narrow shoulders and a thin delicate neck","a soft oval face","large upturned cat-like almond eyes","plump glossy lips","","natural soft glam makeup","L3","fair-to-warm ivory glass skin","long sleek straight dark hair, center part","/img/models/f097.jpg"
"f098","098","Liwayway","female","Southeast Asian","Vietnamese","24","slender","slender_sf6.png","an extremely slender thin build — narrow shoulders and a thin delicate neck","a delicate small face","large warm almond eyes","soft full lips"," with a tiny beauty mark under one eye","natural soft glam makeup","L3","warm golden-tan skin","dark hair in a low bun","/img/models/f098.jpg"
"f099","099","Tharushi","female","South Asian","Bangladeshi","25","western","western_wx3.png","a voluptuous full curvy build — a fuller frame and full décolletage","a heart-shaped face with sculpted cheekbones","large round doll-like eyes with gentle aegyo","soft petal lips"," with light natural freckles across the nose","defined glam makeup (soft smoky eyes, glossy lip)","L4","warm deep-brown skin with rich golden undertones","long dark hair in a low bun","/img/models/f099.jpg"
"f100","100","Zawadi","female","Black / African","African-American","26","western","western_wx5.png","a voluptuous full curvy build — a fuller frame and full décolletage","an elegant slim face","elegant almond eyes","full rosy lips","","defined glam makeup (soft smoky eyes, glossy lip)","L4","rich deep-brown skin with warm mahogany undertones","voluminous natural dark curls","/img/models/f100.jpg"
"m001","101","Jinho","male","East Asian","Korean","22","slender","m_slender_slx4.png","an extremely slender thin build — narrow bony shoulders and a thin neck","a defined masculine jaw","warm gentle eyes","","","","idol","fair-to-warm ivory glass skin","neat styled dark hair","/img/models/m001.jpg"
"m002","102","Mateo","male","Southeast Asian","Filipino","23","slender","m_slender_slx4.png","an extremely slender thin build — narrow bony shoulders and a thin neck","a strong sharp jawline","deep-set intense eyes","","","","masc","warm golden-tan skin","short dark hair","/img/models/m002.jpg"
"m003","103","Ravindu","male","South Asian","Sri Lankan","24","slender","m_slender_slx4.png","an extremely slender thin build — narrow bony shoulders and a thin neck","a strong square jaw","striking sharp eyes","","","","rugged","warm deep-brown skin with rich golden undertones","textured dark hair","/img/models/m003.jpg"
"m004","104","Jomo","male","Black / African","Kenyan","25","fit_v6f","m_ideal_v6f.png","a fit muscular V-taper build — broad wide shoulders, a strong neck and a defined upper chest","a slim refined jaw","kind soft eyes","","","","cool","rich deep-brown skin with warm mahogany undertones","short natural dark hair","/img/models/m004.jpg"
"m005","105","Jonas","male","White / European","German","26","fit_v6f","m_ideal_v6f.png","a fit muscular V-taper build — broad wide shoulders, a strong neck and a defined upper chest","an angular strong jaw","cool confident eyes","","","","soft","fair warm skin with subtle undertones","short light-brown hair","/img/models/m005.jpg"
"m006","106","Mateo","male","Hispanic / Latino","Brazilian","22","fit_v6f","m_ideal_v6f.png","a fit muscular V-taper build — broad wide shoulders, a strong neck and a defined upper chest","a defined masculine jaw","warm gentle eyes","","","","idol","warm tan olive skin with golden undertones","textured dark hair","/img/models/m006.jpg"
"m007","107","Tariq","male","Middle Eastern / North African","Iranian","23","fit_v6f","m_ideal_v6f.png","a fit muscular V-taper build — broad wide shoulders, a strong neck and a defined upper chest","a strong sharp jawline","deep-set intense eyes","","","","masc","warm light-olive skin with soft golden undertones","textured dark hair","/img/models/m007.jpg"
"m008","108","Adan","male","Mixed / Multiracial","Afro-Asian","24","fit_v3f","m_ideal_v3f.png","a fit muscular V-taper build — broad wide shoulders, a strong neck and a defined upper chest","a strong square jaw","striking sharp eyes","","","","rugged","warm caramel skin with golden-honey undertones","short dark hair","/img/models/m008.jpg"
"m009","109","Jinho","male","East Asian","Taiwanese","25","fit_v3f","m_ideal_v3f.png","a fit muscular V-taper build — broad wide shoulders, a strong neck and a defined upper chest","a slim refined jaw","kind soft eyes","","","","cool","fair-to-warm ivory glass skin","soft styled dark hair","/img/models/m009.jpg"
"m010","110","Mateo","male","Southeast Asian","Malaysian","26","fit_v3f","m_ideal_v3f.png","a fit muscular V-taper build — broad wide shoulders, a strong neck and a defined upper chest","an angular strong jaw","cool confident eyes","","","","soft","warm golden-tan skin","soft dark hair on the forehead","/img/models/m010.jpg"
"m011","111","Ravindu","male","South Asian","Indian","22","slender","m_slender_slx4.png","an extremely slender thin build — narrow bony shoulders and a thin neck","a defined masculine jaw","warm gentle eyes","","","","idol","warm deep-brown skin with rich golden undertones","short dark hair","/img/models/m011.jpg"
"m012","112","Jomo","male","Black / African","Ethiopian","23","slender","m_slender_slx4.png","an extremely slender thin build — narrow bony shoulders and a thin neck","a strong sharp jawline","deep-set intense eyes","","","","masc","rich deep-brown skin with warm mahogany undertones","short dark hair","/img/models/m012.jpg"
"m013","113","Jonas","male","White / European","Slavic","24","slender","m_slender_slx4.png","an extremely slender thin build — narrow bony shoulders and a thin neck","a strong square jaw","striking sharp eyes","","","","rugged","fair warm skin with subtle undertones","slicked dark-brown hair","/img/models/m013.jpg"
"m014","114","Mateo","male","Hispanic / Latino","Argentine","25","fit_v6f","m_ideal_v6f.png","a fit muscular V-taper build — broad wide shoulders, a strong neck and a defined upper chest","a slim refined jaw","kind soft eyes","","","","cool","warm tan olive skin with golden undertones","short dark wavy hair","/img/models/m014.jpg"
"m015","115","Tariq","male","Middle Eastern / North African","Egyptian","26","fit_v6f","m_ideal_v6f.png","a fit muscular V-taper build — broad wide shoulders, a strong neck and a defined upper chest","an angular strong jaw","cool confident eyes","","","","soft","warm light-olive skin with soft golden undertones","short groomed dark hair","/img/models/m015.jpg"
"m016","116","Adan","male","Mixed / Multiracial","Eurasian (European-East Asian)","22","fit_v6f","m_ideal_v6f.png","a fit muscular V-taper build — broad wide shoulders, a strong neck and a defined upper chest","a defined masculine jaw","warm gentle eyes","","","","idol","warm caramel skin with golden-honey undertones","dark hair with a soft middle part","/img/models/m016.jpg"
"m017","117","Jinho","male","East Asian","Japanese","23","fit_v6f","m_ideal_v6f.png","a fit muscular V-taper build — broad wide shoulders, a strong neck and a defined upper chest","a strong sharp jawline","deep-set intense eyes","","","","masc","fair-to-warm ivory glass skin","short dark crop, tapered sides","/img/models/m017.jpg"
"m018","118","Mateo","male","Southeast Asian","Vietnamese","24","fit_v3f","m_ideal_v3f.png","a fit muscular V-taper build — broad wide shoulders, a strong neck and a defined upper chest","a strong square jaw","striking sharp eyes","","","","rugged","warm golden-tan skin","textured dark hair","/img/models/m018.jpg"
"m019","119","Ravindu","male","South Asian","Bangladeshi","25","fit_v3f","m_ideal_v3f.png","a fit muscular V-taper build — broad wide shoulders, a strong neck and a defined upper chest","a slim refined jaw","kind soft eyes","","","","cool","warm deep-brown skin with rich golden undertones","short groomed dark wavy hair","/img/models/m019.jpg"
"m020","120","Jomo","male","Black / African","African-American","26","fit_v3f","m_ideal_v3f.png","a fit muscular V-taper build — broad wide shoulders, a strong neck and a defined upper chest","an angular strong jaw","cool confident eyes","","","","soft","rich deep-brown skin with warm mahogany undertones","a short skin fade with dark curls","/img/models/m020.jpg"
"m021","121","Jonas","male","White / European","Italian","22","slender","m_slender_slx4.png","an extremely slender thin build — narrow bony shoulders and a thin neck","a defined masculine jaw","warm gentle eyes","","","","idol","fair warm skin with subtle undertones","short dark hair","/img/models/m021.jpg"
"m022","122","Mateo","male","Hispanic / Latino","Mexican","23","slender","m_slender_slx4.png","an extremely slender thin build — narrow bony shoulders and a thin neck","a strong sharp jawline","deep-set intense eyes","","","","masc","warm tan olive skin with golden undertones","short groomed dark hair","/img/models/m022.jpg"
"m023","123","Tariq","male","Middle Eastern / North African","Turkish","24","slender","m_slender_slx4.png","an extremely slender thin build — narrow bony shoulders and a thin neck","a strong square jaw","striking sharp eyes","","","","rugged","warm light-olive skin with soft golden undertones","short dark hair","/img/models/m023.jpg"
"m024","124","Adan","male","Mixed / Multiracial","Latino-Asian","25","fit_v6f","m_ideal_v6f.png","a fit muscular V-taper build — broad wide shoulders, a strong neck and a defined upper chest","a slim refined jaw","kind soft eyes","","","","cool","warm caramel skin with golden-honey undertones","soft styled dark hair","/img/models/m024.jpg"
"m025","125","Jinho","male","East Asian","Mongolian","26","fit_v6f","m_ideal_v6f.png","a fit muscular V-taper build — broad wide shoulders, a strong neck and a defined upper chest","an angular strong jaw","cool confident eyes","","","","soft","fair-to-warm ivory glass skin","neat styled dark hair","/img/models/m025.jpg"
"m026","126","Mateo","male","Southeast Asian","Thai","22","fit_v6f","m_ideal_v6f.png","a fit muscular V-taper build — broad wide shoulders, a strong neck and a defined upper chest","a defined masculine jaw","warm gentle eyes","","","","idol","warm golden-tan skin","short dark hair","/img/models/m026.jpg"
"m027","127","Ravindu","male","South Asian","Pakistani","23","fit_v6f","m_ideal_v6f.png","a fit muscular V-taper build — broad wide shoulders, a strong neck and a defined upper chest","a strong sharp jawline","deep-set intense eyes","","","","masc","warm deep-brown skin with rich golden undertones","textured dark hair","/img/models/m027.jpg"
"m028","128","Jomo","male","Black / African","Ghanaian","24","fit_v3f","m_ideal_v3f.png","a fit muscular V-taper build — broad wide shoulders, a strong neck and a defined upper chest","a strong square jaw","striking sharp eyes","","","","rugged","rich deep-brown skin with warm mahogany undertones","short natural dark hair","/img/models/m028.jpg"
"m029","129","Jonas","male","White / European","British","25","fit_v3f","m_ideal_v3f.png","a fit muscular V-taper build — broad wide shoulders, a strong neck and a defined upper chest","a slim refined jaw","kind soft eyes","","","","cool","fair warm skin with subtle undertones","short light-brown hair","/img/models/m029.jpg"
"m030","130","Mateo","male","Hispanic / Latino","Puerto Rican","26","fit_v3f","m_ideal_v3f.png","a fit muscular V-taper build — broad wide shoulders, a strong neck and a defined upper chest","an angular strong jaw","cool confident eyes","","","","soft","warm tan olive skin with golden undertones","textured dark hair","/img/models/m030.jpg"
"m031","131","Tariq","male","Middle Eastern / North African","Lebanese","22","slender","m_slender_slx4.png","an extremely slender thin build — narrow bony shoulders and a thin neck","a defined masculine jaw","warm gentle eyes","","","","idol","warm light-olive skin with soft golden undertones","textured dark hair","/img/models/m031.jpg"
"m032","132","Adan","male","Mixed / Multiracial","Afro-European","23","slender","m_slender_slx4.png","an extremely slender thin build — narrow bony shoulders and a thin neck","a strong sharp jawline","deep-set intense eyes","","","","masc","warm caramel skin with golden-honey undertones","short dark hair","/img/models/m032.jpg"
"m033","133","Jinho","male","East Asian","Chinese","24","slender","m_slender_slx4.png","an extremely slender thin build — narrow bony shoulders and a thin neck","a strong square jaw","striking sharp eyes","","","","rugged","fair-to-warm ivory glass skin","soft styled dark hair","/img/models/m033.jpg"
"m034","134","Mateo","male","Southeast Asian","Indonesian","25","fit_v6f","m_ideal_v6f.png","a fit muscular V-taper build — broad wide shoulders, a strong neck and a defined upper chest","a slim refined jaw","kind soft eyes","","","","cool","warm golden-tan skin","soft dark hair on the forehead","/img/models/m034.jpg"
"m035","135","Ravindu","male","South Asian","Nepali","26","fit_v6f","m_ideal_v6f.png","a fit muscular V-taper build — broad wide shoulders, a strong neck and a defined upper chest","an angular strong jaw","cool confident eyes","","","","soft","warm deep-brown skin with rich golden undertones","short dark hair","/img/models/m035.jpg"
"m036","136","Jomo","male","Black / African","Nigerian","22","fit_v6f","m_ideal_v6f.png","a fit muscular V-taper build — broad wide shoulders, a strong neck and a defined upper chest","a defined masculine jaw","warm gentle eyes","","","","idol","rich deep-brown skin with warm mahogany undertones","short dark hair","/img/models/m036.jpg"
"m037","137","Jonas","male","White / European","Scandinavian","23","fit_v6f","m_ideal_v6f.png","a fit muscular V-taper build — broad wide shoulders, a strong neck and a defined upper chest","a strong sharp jawline","deep-set intense eyes","","","","masc","fair warm skin with subtle undertones","slicked dark-brown hair","/img/models/m037.jpg"
"m038","138","Mateo","male","Hispanic / Latino","Colombian","24","fit_v3f","m_ideal_v3f.png","a fit muscular V-taper build — broad wide shoulders, a strong neck and a defined upper chest","a strong square jaw","striking sharp eyes","","","","rugged","warm tan olive skin with golden undertones","short dark wavy hair","/img/models/m038.jpg"
"m039","139","Tariq","male","Middle Eastern / North African","Moroccan","25","fit_v3f","m_ideal_v3f.png","a fit muscular V-taper build — broad wide shoulders, a strong neck and a defined upper chest","a slim refined jaw","kind soft eyes","","","","cool","warm light-olive skin with soft golden undertones","short groomed dark hair","/img/models/m039.jpg"
"m040","140","Adan","male","Mixed / Multiracial","MENA-European","26","fit_v3f","m_ideal_v3f.png","a fit muscular V-taper build — broad wide shoulders, a strong neck and a defined upper chest","an angular strong jaw","cool confident eyes","","","","soft","warm caramel skin with golden-honey undertones","dark hair with a soft middle part","/img/models/m040.jpg"
"m041","141","Jinho","male","East Asian","Korean","22","slender","m_slender_slx4.png","an extremely slender thin build — narrow bony shoulders and a thin neck","a defined masculine jaw","warm gentle eyes","","","","idol","fair-to-warm ivory glass skin","short dark crop, tapered sides","/img/models/m041.jpg"
"m042","142","Mateo","male","Southeast Asian","Filipino","23","slender","m_slender_slx4.png","an extremely slender thin build — narrow bony shoulders and a thin neck","a strong sharp jawline","deep-set intense eyes","","","","masc","warm golden-tan skin","textured dark hair","/img/models/m042.jpg"
"m043","143","Ravindu","male","South Asian","Sri Lankan","24","slender","m_slender_slx4.png","an extremely slender thin build — narrow bony shoulders and a thin neck","a strong square jaw","striking sharp eyes","","","","rugged","warm deep-brown skin with rich golden undertones","short groomed dark wavy hair","/img/models/m043.jpg"
"m044","144","Jomo","male","Black / African","Kenyan","25","fit_v6f","m_ideal_v6f.png","a fit muscular V-taper build — broad wide shoulders, a strong neck and a defined upper chest","a slim refined jaw","kind soft eyes","","","","cool","rich deep-brown skin with warm mahogany undertones","a short skin fade with dark curls","/img/models/m044.jpg"
"m045","145","Jonas","male","White / European","German","26","fit_v6f","m_ideal_v6f.png","a fit muscular V-taper build — broad wide shoulders, a strong neck and a defined upper chest","an angular strong jaw","cool confident eyes","","","","soft","fair warm skin with subtle undertones","short dark hair","/img/models/m045.jpg"
"m046","146","Mateo","male","Hispanic / Latino","Brazilian","22","fit_v6f","m_ideal_v6f.png","a fit muscular V-taper build — broad wide shoulders, a strong neck and a defined upper chest","a defined masculine jaw","warm gentle eyes","","","","idol","warm tan olive skin with golden undertones","short groomed dark hair","/img/models/m046.jpg"
"m047","147","Tariq","male","Middle Eastern / North African","Iranian","23","fit_v6f","m_ideal_v6f.png","a fit muscular V-taper build — broad wide shoulders, a strong neck and a defined upper chest","a strong sharp jawline","deep-set intense eyes","","","","masc","warm light-olive skin with soft golden undertones","short dark hair","/img/models/m047.jpg"
"m048","148","Adan","male","Mixed / Multiracial","Afro-Asian","24","fit_v3f","m_ideal_v3f.png","a fit muscular V-taper build — broad wide shoulders, a strong neck and a defined upper chest","a strong square jaw","striking sharp eyes","","","","rugged","warm caramel skin with golden-honey undertones","soft styled dark hair","/img/models/m048.jpg"
"m049","149","Jinho","male","East Asian","Taiwanese","25","fit_v3f","m_ideal_v3f.png","a fit muscular V-taper build — broad wide shoulders, a strong neck and a defined upper chest","a slim refined jaw","kind soft eyes","","","","cool","fair-to-warm ivory glass skin","neat styled dark hair","/img/models/m049.jpg"
"m050","150","Mateo","male","Southeast Asian","Malaysian","26","fit_v3f","m_ideal_v3f.png","a fit muscular V-taper build — broad wide shoulders, a strong neck and a defined upper chest","an angular strong jaw","cool confident eyes","","","","soft","warm golden-tan skin","short dark hair","/img/models/m050.jpg"
"m051","151","Ravindu","male","South Asian","Indian","22","slender","m_slender_slx4.png","an extremely slender thin build — narrow bony shoulders and a thin neck","a defined masculine jaw","warm gentle eyes","","","","idol","warm deep-brown skin with rich golden undertones","textured dark hair","/img/models/m051.jpg"
"m052","152","Jomo","male","Black / African","Ethiopian","23","slender","m_slender_slx4.png","an extremely slender thin build — narrow bony shoulders and a thin neck","a strong sharp jawline","deep-set intense eyes","","","","masc","rich deep-brown skin with warm mahogany undertones","short natural dark hair","/img/models/m052.jpg"
"m053","153","Jonas","male","White / European","Slavic","24","slender","m_slender_slx4.png","an extremely slender thin build — narrow bony shoulders and a thin neck","a strong square jaw","striking sharp eyes","","","","rugged","fair warm skin with subtle undertones","short light-brown hair","/img/models/m053.jpg"
"m054","154","Mateo","male","Hispanic / Latino","Argentine","25","fit_v6f","m_ideal_v6f.png","a fit muscular V-taper build — broad wide shoulders, a strong neck and a defined upper chest","a slim refined jaw","kind soft eyes","","","","cool","warm tan olive skin with golden undertones","textured dark hair","/img/models/m054.jpg"
"m055","155","Tariq","male","Middle Eastern / North African","Egyptian","26","fit_v6f","m_ideal_v6f.png","a fit muscular V-taper build — broad wide shoulders, a strong neck and a defined upper chest","an angular strong jaw","cool confident eyes","","","","soft","warm light-olive skin with soft golden undertones","textured dark hair","/img/models/m055.jpg"
"m056","156","Adan","male","Mixed / Multiracial","Eurasian (European-East Asian)","22","fit_v6f","m_ideal_v6f.png","a fit muscular V-taper build — broad wide shoulders, a strong neck and a defined upper chest","a defined masculine jaw","warm gentle eyes","","","","idol","warm caramel skin with golden-honey undertones","short dark hair","/img/models/m056.jpg"
"m057","157","Jinho","male","East Asian","Japanese","23","fit_v6f","m_ideal_v6f.png","a fit muscular V-taper build — broad wide shoulders, a strong neck and a defined upper chest","a strong sharp jawline","deep-set intense eyes","","","","masc","fair-to-warm ivory glass skin","soft styled dark hair","/img/models/m057.jpg"
"m058","158","Mateo","male","Southeast Asian","Vietnamese","24","fit_v3f","m_ideal_v3f.png","a fit muscular V-taper build — broad wide shoulders, a strong neck and a defined upper chest","a strong square jaw","striking sharp eyes","","","","rugged","warm golden-tan skin","soft dark hair on the forehead","/img/models/m058.jpg"
"m059","159","Ravindu","male","South Asian","Bangladeshi","25","fit_v3f","m_ideal_v3f.png","a fit muscular V-taper build — broad wide shoulders, a strong neck and a defined upper chest","a slim refined jaw","kind soft eyes","","","","cool","warm deep-brown skin with rich golden undertones","short dark hair","/img/models/m059.jpg"
"m060","160","Jomo","male","Black / African","African-American","26","fit_v3f","m_ideal_v3f.png","a fit muscular V-taper build — broad wide shoulders, a strong neck and a defined upper chest","an angular strong jaw","cool confident eyes","","","","soft","rich deep-brown skin with warm mahogany undertones","short dark hair","/img/models/m060.jpg"
"m061","161","Jonas","male","White / European","Italian","22","slender","m_slender_slx4.png","an extremely slender thin build — narrow bony shoulders and a thin neck","a defined masculine jaw","warm gentle eyes","","","","idol","fair warm skin with subtle undertones","slicked dark-brown hair","/img/models/m061.jpg"
"m062","162","Mateo","male","Hispanic / Latino","Mexican","23","slender","m_slender_slx4.png","an extremely slender thin build — narrow bony shoulders and a thin neck","a strong sharp jawline","deep-set intense eyes","","","","masc","warm tan olive skin with golden undertones","short dark wavy hair","/img/models/m062.jpg"
"m063","163","Tariq","male","Middle Eastern / North African","Turkish","24","slender","m_slender_slx4.png","an extremely slender thin build — narrow bony shoulders and a thin neck","a strong square jaw","striking sharp eyes","","","","rugged","warm light-olive skin with soft golden undertones","short groomed dark hair","/img/models/m063.jpg"
"m064","164","Adan","male","Mixed / Multiracial","Latino-Asian","25","fit_v6f","m_ideal_v6f.png","a fit muscular V-taper build — broad wide shoulders, a strong neck and a defined upper chest","a slim refined jaw","kind soft eyes","","","","cool","warm caramel skin with golden-honey undertones","dark hair with a soft middle part","/img/models/m064.jpg"
"m065","165","Jinho","male","East Asian","Mongolian","26","fit_v6f","m_ideal_v6f.png","a fit muscular V-taper build — broad wide shoulders, a strong neck and a defined upper chest","an angular strong jaw","cool confident eyes","","","","soft","fair-to-warm ivory glass skin","short dark crop, tapered sides","/img/models/m065.jpg"
"m066","166","Mateo","male","Southeast Asian","Thai","22","fit_v6f","m_ideal_v6f.png","a fit muscular V-taper build — broad wide shoulders, a strong neck and a defined upper chest","a defined masculine jaw","warm gentle eyes","","","","idol","warm golden-tan skin","textured dark hair","/img/models/m066.jpg"
"m067","167","Ravindu","male","South Asian","Pakistani","23","fit_v6f","m_ideal_v6f.png","a fit muscular V-taper build — broad wide shoulders, a strong neck and a defined upper chest","a strong sharp jawline","deep-set intense eyes","","","","masc","warm deep-brown skin with rich golden undertones","short groomed dark wavy hair","/img/models/m067.jpg"
"m068","168","Jomo","male","Black / African","Ghanaian","24","fit_v3f","m_ideal_v3f.png","a fit muscular V-taper build — broad wide shoulders, a strong neck and a defined upper chest","a strong square jaw","striking sharp eyes","","","","rugged","rich deep-brown skin with warm mahogany undertones","a short skin fade with dark curls","/img/models/m068.jpg"
"m069","169","Jonas","male","White / European","British","25","fit_v3f","m_ideal_v3f.png","a fit muscular V-taper build — broad wide shoulders, a strong neck and a defined upper chest","a slim refined jaw","kind soft eyes","","","","cool","fair warm skin with subtle undertones","short dark hair","/img/models/m069.jpg"
"m070","170","Mateo","male","Hispanic / Latino","Puerto Rican","26","fit_v3f","m_ideal_v3f.png","a fit muscular V-taper build — broad wide shoulders, a strong neck and a defined upper chest","an angular strong jaw","cool confident eyes","","","","soft","warm tan olive skin with golden undertones","short groomed dark hair","/img/models/m070.jpg"
"m071","171","Tariq","male","Middle Eastern / North African","Lebanese","22","slender","m_slender_slx4.png","an extremely slender thin build — narrow bony shoulders and a thin neck","a defined masculine jaw","warm gentle eyes","","","","idol","warm light-olive skin with soft golden undertones","short dark hair","/img/models/m071.jpg"
"m072","172","Adan","male","Mixed / Multiracial","Afro-European","23","slender","m_slender_slx4.png","an extremely slender thin build — narrow bony shoulders and a thin neck","a strong sharp jawline","deep-set intense eyes","","","","masc","warm caramel skin with golden-honey undertones","soft styled dark hair","/img/models/m072.jpg"
"m073","173","Jinho","male","East Asian","Chinese","24","slender","m_slender_slx4.png","an extremely slender thin build — narrow bony shoulders and a thin neck","a strong square jaw","striking sharp eyes","","","","rugged","fair-to-warm ivory glass skin","neat styled dark hair","/img/models/m073.jpg"
"m074","174","Mateo","male","Southeast Asian","Indonesian","25","fit_v6f","m_ideal_v6f.png","a fit muscular V-taper build — broad wide shoulders, a strong neck and a defined upper chest","a slim refined jaw","kind soft eyes","","","","cool","warm golden-tan skin","short dark hair","/img/models/m074.jpg"
"m075","175","Ravindu","male","South Asian","Nepali","26","fit_v6f","m_ideal_v6f.png","a fit muscular V-taper build — broad wide shoulders, a strong neck and a defined upper chest","an angular strong jaw","cool confident eyes","","","","soft","warm deep-brown skin with rich golden undertones","textured dark hair","/img/models/m075.jpg"
"m076","176","Jomo","male","Black / African","Nigerian","22","fit_v6f","m_ideal_v6f.png","a fit muscular V-taper build — broad wide shoulders, a strong neck and a defined upper chest","a defined masculine jaw","warm gentle eyes","","","","idol","rich deep-brown skin with warm mahogany undertones","short natural dark hair","/img/models/m076.jpg"
"m077","177","Jonas","male","White / European","Scandinavian","23","fit_v6f","m_ideal_v6f.png","a fit muscular V-taper build — broad wide shoulders, a strong neck and a defined upper chest","a strong sharp jawline","deep-set intense eyes","","","","masc","fair warm skin with subtle undertones","short light-brown hair","/img/models/m077.jpg"
"m078","178","Mateo","male","Hispanic / Latino","Colombian","24","fit_v3f","m_ideal_v3f.png","a fit muscular V-taper build — broad wide shoulders, a strong neck and a defined upper chest","a strong square jaw","striking sharp eyes","","","","rugged","warm tan olive skin with golden undertones","textured dark hair","/img/models/m078.jpg"
"m079","179","Tariq","male","Middle Eastern / North African","Moroccan","25","fit_v3f","m_ideal_v3f.png","a fit muscular V-taper build — broad wide shoulders, a strong neck and a defined upper chest","a slim refined jaw","kind soft eyes","","","","cool","warm light-olive skin with soft golden undertones","textured dark hair","/img/models/m079.jpg"
"m080","180","Adan","male","Mixed / Multiracial","MENA-European","26","fit_v3f","m_ideal_v3f.png","a fit muscular V-taper build — broad wide shoulders, a strong neck and a defined upper chest","an angular strong jaw","cool confident eyes","","","","soft","warm caramel skin with golden-honey undertones","short dark hair","/img/models/m080.jpg"
"m081","181","Jinho","male","East Asian","Korean","22","slender","m_slender_slx4.png","an extremely slender thin build — narrow bony shoulders and a thin neck","a defined masculine jaw","warm gentle eyes","","","","idol","fair-to-warm ivory glass skin","soft styled dark hair","/img/models/m081.jpg"
"m082","182","Mateo","male","Southeast Asian","Filipino","23","slender","m_slender_slx4.png","an extremely slender thin build — narrow bony shoulders and a thin neck","a strong sharp jawline","deep-set intense eyes","","","","masc","warm golden-tan skin","soft dark hair on the forehead","/img/models/m082.jpg"
"m083","183","Ravindu","male","South Asian","Sri Lankan","24","slender","m_slender_slx4.png","an extremely slender thin build — narrow bony shoulders and a thin neck","a strong square jaw","striking sharp eyes","","","","rugged","warm deep-brown skin with rich golden undertones","short dark hair","/img/models/m083.jpg"
"m084","184","Jomo","male","Black / African","Kenyan","25","fit_v6f","m_ideal_v6f.png","a fit muscular V-taper build — broad wide shoulders, a strong neck and a defined upper chest","a slim refined jaw","kind soft eyes","","","","cool","rich deep-brown skin with warm mahogany undertones","short dark hair","/img/models/m084.jpg"
"m085","185","Jonas","male","White / European","German","26","fit_v6f","m_ideal_v6f.png","a fit muscular V-taper build — broad wide shoulders, a strong neck and a defined upper chest","an angular strong jaw","cool confident eyes","","","","soft","fair warm skin with subtle undertones","slicked dark-brown hair","/img/models/m085.jpg"
"m086","186","Mateo","male","Hispanic / Latino","Brazilian","22","fit_v6f","m_ideal_v6f.png","a fit muscular V-taper build — broad wide shoulders, a strong neck and a defined upper chest","a defined masculine jaw","warm gentle eyes","","","","idol","warm tan olive skin with golden undertones","short dark wavy hair","/img/models/m086.jpg"
"m087","187","Tariq","male","Middle Eastern / North African","Iranian","23","fit_v6f","m_ideal_v6f.png","a fit muscular V-taper build — broad wide shoulders, a strong neck and a defined upper chest","a strong sharp jawline","deep-set intense eyes","","","","masc","warm light-olive skin with soft golden undertones","short groomed dark hair","/img/models/m087.jpg"
"m088","188","Adan","male","Mixed / Multiracial","Afro-Asian","24","fit_v3f","m_ideal_v3f.png","a fit muscular V-taper build — broad wide shoulders, a strong neck and a defined upper chest","a strong square jaw","striking sharp eyes","","","","rugged","warm caramel skin with golden-honey undertones","dark hair with a soft middle part","/img/models/m088.jpg"
"m089","189","Jinho","male","East Asian","Taiwanese","25","fit_v3f","m_ideal_v3f.png","a fit muscular V-taper build — broad wide shoulders, a strong neck and a defined upper chest","a slim refined jaw","kind soft eyes","","","","cool","fair-to-warm ivory glass skin","short dark crop, tapered sides","/img/models/m089.jpg"
"m090","190","Mateo","male","Southeast Asian","Malaysian","26","fit_v3f","m_ideal_v3f.png","a fit muscular V-taper build — broad wide shoulders, a strong neck and a defined upper chest","an angular strong jaw","cool confident eyes","","","","soft","warm golden-tan skin","textured dark hair","/img/models/m090.jpg"
"m091","191","Ravindu","male","South Asian","Indian","22","slender","m_slender_slx4.png","an extremely slender thin build — narrow bony shoulders and a thin neck","a defined masculine jaw","warm gentle eyes","","","","idol","warm deep-brown skin with rich golden undertones","short groomed dark wavy hair","/img/models/m091.jpg"
"m092","192","Jomo","male","Black / African","Ethiopian","23","slender","m_slender_slx4.png","an extremely slender thin build — narrow bony shoulders and a thin neck","a strong sharp jawline","deep-set intense eyes","","","","masc","rich deep-brown skin with warm mahogany undertones","a short skin fade with dark curls","/img/models/m092.jpg"
"m093","193","Jonas","male","White / European","Slavic","24","slender","m_slender_slx4.png","an extremely slender thin build — narrow bony shoulders and a thin neck","a strong square jaw","striking sharp eyes","","","","rugged","fair warm skin with subtle undertones","short dark hair","/img/models/m093.jpg"
"m094","194","Mateo","male","Hispanic / Latino","Argentine","25","fit_v6f","m_ideal_v6f.png","a fit muscular V-taper build — broad wide shoulders, a strong neck and a defined upper chest","a slim refined jaw","kind soft eyes","","","","cool","warm tan olive skin with golden undertones","short groomed dark hair","/img/models/m094.jpg"
"m095","195","Tariq","male","Middle Eastern / North African","Egyptian","26","fit_v6f","m_ideal_v6f.png","a fit muscular V-taper build — broad wide shoulders, a strong neck and a defined upper chest","an angular strong jaw","cool confident eyes","","","","soft","warm light-olive skin with soft golden undertones","short dark hair","/img/models/m095.jpg"
"m096","196","Adan","male","Mixed / Multiracial","Eurasian (European-East Asian)","22","fit_v6f","m_ideal_v6f.png","a fit muscular V-taper build — broad wide shoulders, a strong neck and a defined upper chest","a defined masculine jaw","warm gentle eyes","","","","idol","warm caramel skin with golden-honey undertones","soft styled dark hair","/img/models/m096.jpg"
"m097","197","Jinho","male","East Asian","Japanese","23","fit_v6f","m_ideal_v6f.png","a fit muscular V-taper build — broad wide shoulders, a strong neck and a defined upper chest","a strong sharp jawline","deep-set intense eyes","","","","masc","fair-to-warm ivory glass skin","neat styled dark hair","/img/models/m097.jpg"
"m098","198","Mateo","male","Southeast Asian","Vietnamese","24","fit_v3f","m_ideal_v3f.png","a fit muscular V-taper build — broad wide shoulders, a strong neck and a defined upper chest","a strong square jaw","striking sharp eyes","","","","rugged","warm golden-tan skin","short dark hair","/img/models/m098.jpg"
"m099","199","Ravindu","male","South Asian","Bangladeshi","25","fit_v3f","m_ideal_v3f.png","a fit muscular V-taper build — broad wide shoulders, a strong neck and a defined upper chest","a slim refined jaw","kind soft eyes","","","","cool","warm deep-brown skin with rich golden undertones","textured dark hair","/img/models/m099.jpg"
"m100","200","Jomo","male","Black / African","African-American","26","fit_v3f","m_ideal_v3f.png","a fit muscular V-taper build — broad wide shoulders, a strong neck and a defined upper chest","an angular strong jaw","cool confident eyes","","","","soft","rich deep-brown skin with warm mahogany undertones","short natural dark hair","/img/models/m100.jpg"
